Workbook

Sheet Formato descripción HU
B3: Matriz de Marco de Trabajo de HU
B5: ITEM | C5: PROBLEMA | D5: QUE (NECESIDAD) | E5: PARA QUE (SOLUCIÓN) | F5: PARA QUIEN (USUARIO) | G5: COMO (DESCRIPCIÓN DE TAREAS) | H5: HECHO POR (PROG. RESP.) | I5: CUANTO TIEMPO (ESTIMADO EN HRS) | J5: FECHA DE ENTREGA | K5: PRIORIDAD | L5: STATUS | M5: PRUEBA (COMO SE VERIFICA) | N5: COMENTARIOS | O5: NOMBRE DE HISTORIA
B6: REQ000 | C6: Inicio de Sesión | D6: El programa deberá tener una interfaz gráfica donde los usuarios ingresen sus credenciales, sean validadas y accedan al sistema. | E6: Para controlar el acceso al sistema según el rol del usuario. | F6: Administrador, Fisioterapeuta, Auxiliar | G6: Implementando una ventana de inicio de sesión la cual solicitará credenciales (correo/usuario y contraseña) creadas por el administrador para poder acceder a las funciones del sistema. | H6: Saray Cañarte | I6: 3 | J6: 27/05/2026 | K6: Alta | L6: Terminado | M6: El usuario ingresará al sistema mediante un usuario y contraseña previamente creados, el sistema valida redirección por rol. Si el usuario ingresa erróneamentesus credenciales debe volver a intentarlo , después de 3 intentos de inicio de sesión consecutivos fallidos, se bloqueará el acceso al sistema. | N6: Debe registrar auditoría de inicio de sesiín (usuario, fecha, hora, rol). | O6: Iniciar Sesión
B7: REQ001 | C7: Recuperación de contraseña | D7: El sistema deberá tener una interfaz gráfica donde los usuarios puedan recuperar su contraseña de acceso. | E7: Para permitir la recuperación de credenciales de los usuarios en caso de haber olvidado la contraseña | F7: Administrador, Fisioterapeuta, Auxiliar | G7: Creando una ventana de recuperación de contraseña la cual requerirá ingresar el correo electrónico asociado a la cuenta para enviar una validación de la recuperación y pedir la nueva contraseña. | H7: Doménica Villagómez | I7: 46143 | J7: 29/5/2026 | K7: Media | L7: Terminado | M7: El usuario selecciona la opción de recuperar contraseña, ingresa el correo electrónico asociado a la cuenta y verifica la notificación de recuperación. Una vez aprobado, ingresa la nueva contraseña dos veces y aplica el cambio e inicia sesión con la contraseña actualizada. Si las contraseñas no coinciden se mostrará un mensaje "Las contraseñas no coinciden". | O7: Recuperación de Contraseña
B8: REQ002 | C8: Generar notificación | D8: El sistema deberá detectar automáticamente eventos en citas (creación, cancelación, reprogramación) y notificar al paciente mediante el canal configurado. | E8: Para informar al paciente de los cambios realizados en su cita. | F8: Auxiliar, Paciente | G8: Detectando automáticamente la creación o cambio de estado en una cita, recuperando los datos de la cita (fecha, hora, servicio) y del paciente (teléfono, correo), seleccionando la plantilla adecuada y enviando la notificación a través del canal configurado (WhatsApp o correo electrónico). El sistema registra el resultado del envío en el log de auditoría. | H8: Danny Ayuquina | I8: 1.5 | J8: 15/7/2026 | K8: Media | L8: Terminado | M8: El sistema detecta un evento de cita (creación, cancelación o reprogramación), genera el mensaje con los datos correspondientes y lo envía al canal definido del paciente. Se verifica que el destinatario recibe la notificación con: código de cita, fecha, hora, servicio y estado. Si el canal no está disponible, el sistema registra el evento como "pendiente de notificación". | N8: Las notificaciones se generan automáticamente al crear, modificar o cancelar una cita. El sistema debe dejar trazabilidad del evento que originó el aviso (destinatario, canal, fecha/hora y estado de entrega). | O8: Generar notificación
B9: REQ003 | C9: Gestión de Citas | D9: El sistema deberá permitir registrar, modificar, cancelar y consultar citas médicas mediante una interfaz gráfica, validando la disponibilidad de horarios, pacientes y consultorios. | E9: Para administrar eficientemente la agenda de atención médica y garantizar la correcta asignación de citas. | F9: Auxiliar | G9: Implementando un módulo de gestión de citas para crear, modificar, cancelar y consultar citas médicas. El sistema validará existencia y estado activo del paciente, la disponibilidad de horarios y consultorios, registrará cambios realizados y actualizará el estado de la cita. | H9: Saray Cañarte | I9: 8 | J9: 26/6/2026 | K9: Alta | L9: Terminado | M9: La auxiliar creará una cita ingresando cédula del paciente, servicio, fecha, hora y duración, y verificará disponibilidad de horario/consultorio, generará código de cita y mostrará confirmación. También permitirá modificar, cancelar y consultar citas siempre que no existan conflictos. | N9: Debe registrar auditoría de creación, modificación y cancelación de citas, incluyendo usuario responsable, fecha, hora, motivo de cancelación, datos anteriores y nuevos de la cita, y código de cita generado. | O9: Gestión de Citas
B10: REQ004 | C10: Gestionar Pacientes | D10: El sistema deberá facilitar el manejo de la información de los pacientes a través de su registro, modificación, consulta e inactivación, validando campos obligatorios. | E10: Para mantener la información necesaria de los pacientes y asociarla a las citas del sistema | F10: Auxiliar | G10: Establecer un módulo de gestión de pacientes, donde el auxiliar pueda ejecutar las acciones: registro de nuevos pacientes, o consulta, modificación e inactivación de pacientes existentes. El sistema debe validar campos obligatorios como: que la cédula exista, que el teléfono tenga solo dígitos, que la edad sea consistente con la fecha de nacimiento. Para la modificación el sistema verifica que exista el paciente y los campos permitidos a cambiar son: domicilio, teléfono, ocupación y estado civil. Para la inactivación, el paciente no debe tener citas programadas a futuro. | H10: Doménica Villagómez | I10: 6 | J10: 15/6/2026 | K10: Alta | L10: Terminado | M10: La auxiliar ingresa al módulo de gestión de pacientes y crea un paciente ingresando los datos requeridos de forma correcta, el sistema validará y si todo está bien, registra el paciente con estado activo. Conultará el paciente registrado usando el filtro por nombre o cédula. Modificará el paciente y el sistema solo permitirá cambiar los campos: domicilio, tel;efono, ocupación y estado civil. Inactivará el paciente, y el sistema validará que este no tenga agendada ninguna cita futura para permitir la acción. Caso contrario, se mostrará un mensaje informativo "Datos erróneos (especifica error)" | N10: Debe considerar los datos que se manejan según la acción a realizar | O10: Gestión de Pacientes
B11: REQ005 | C11: Gestionar Perfiles | D11: El sistema deberá permitir al administrador crear, modificar, desactivar y consultar perfiles de usuario, asignando nombre y permisos de acceso a módulos del sistema, a través de una interfaz gráfica. | E11: Para controlar los accesos y permisos de los usuarios dentro del sistema según su rol. | F11: Administrador | G11: Implementando un módulo de gestión de perfiles donde el administrador pueda crear perfiles con nombre y permisos (gestionar citas, pacientes, horarios, planificación, perfiles), modificar permisos de perfiles existentes, desactivarlos y consultarlos. El sistema validará unicidad del nombre del perfil y restricciones sobre el perfil Administrador. | H11: Danny Ayuquina | I11: 4 | J11: 45875 | K11: Alta | L11: Terminado | M11: El administrador crea un perfil con nombre y al menos un permiso; el sistema valida unicidad y registra con estado activo. Modifica permisos de un perfil existente. Desactiva un perfil verificando que no tenga usuarios asignados; si los tiene, muestra mensaje solicitando reasignación previa. Consulta perfiles por nombre o estado. El sistema impide desactivar el perfil Administrador si es el único activo. | N11: El sistema debe registrar en auditoría el perfil modificado, los permisos cambiados y el usuario administrador responsable. No se puede retirar el permiso 'gestionar perfiles' del perfil Administrador. | O11: Gestionar Perfiles
B12: REQ006 | C12: Gestionar Planificación | D12: El sistema deberá permitir administrar la planificación de horarios, fisioterapeutas y consultorios mediante una interfaz gráfica, validando disponibilidad, asignaciones y restricciones de uso. | E12: Para organizar la disponibilidad de atención, optimizar la asignación de recursos y garantizar una correcta gestión de horarios y consultorios. | F12: Administrador, Fisioterapeuta | G12: Implementando un módulo de planificación donde el administrador podrá asignar fisioterapeutas a horarios, registrar consultorios, asignar consultorios a la planificación y gestionar su disponibilidad. El sistema validará la existencia de fisioterapeutas y consultorios y conflictos de horarios. | H12: Saray Cañarte | I12: 6 | J12: 46302 | K12: Alta | L12: Terminado | M12: El administrador podrá asignar fisioterapeutas a horarios disponibles, registrar nuevos consultorios, asignarlos a la planificación y gestionar disponibilidad. El sistema verificará que los fisioterapeutas y consultorios existan, conflictos de horarios, asignaciones duplicadas y que se respeten las restricciones establecidas. También se verificará que los consultorios con planificaciones no puedan eliminarse o inactivarse. | N12: Debe registrar auditoría de creación, asignación, modificación e inactivación de consultorios y planificaciones, incluyendo usuario responsable, fecha, hora, datos anteriores y nuevos. | O12: Gestionar Planificación
M17: .
K27: Alta | L27: No iniciado
K28: Media | L28: En proceso
K29: Baja | L29: Terminado
L30: Atrasado

Sheet Historia de Usuario
B6: HISTORIA DE USUARIO (HU) | S6: HISTORIA DE USUARIO (HU)
C9: ITEM | E9: USUARIO | H9: STATUS | T9: ITEM | V9: USUARIO | Y9: STATUS
C10: REQ000 | E10: =VLOOKUP(C10,'Formato descripción HU'!$B$6:$O$12,5,0) -> Administrador, Fisioterapeuta, Auxiliar | H10: =VLOOKUP(C10,'Formato descripción HU'!$B$6:$O$12,11,0) -> Terminado | T10: REQ001 | V10: =VLOOKUP(T10,'Formato descripción HU'!$B$6:$O$12,5,0) -> Administrador, Fisioterapeuta, Auxiliar | Y10: =VLOOKUP(T10,'Formato descripción HU'!$B$6:$O$12,11,0) -> Terminado
C12: TIEMPO | E12: PRIORIDAD | H12: PROG. RESP | T12: TIEMPO | V12: PRIORIDAD | Y12: PROG. RESP
C13: =VLOOKUP('Historia de Usuario'!C10,'Formato descripción HU'!$B$6:$O$12,8,0) -> 3 | E13: =VLOOKUP(C10,'Formato descripción HU'!$B$6:$O$12,10,0) -> Alta | H13: =VLOOKUP(C10,'Formato descripción HU'!$B$6:$O$12,7,0) -> Saray Cañarte | T13: =VLOOKUP('Historia de Usuario'!T10,'Formato descripción HU'!$B$6:$O$12,8,0) -> 46143 | V13: =VLOOKUP(T10,'Formato descripción HU'!$B$6:$O$12,10,0) -> Media | Y13: =VLOOKUP(T10,'Formato descripción HU'!$B$6:$O$12,7,0) -> Doménica Villagómez
C15: QUE | D15: =VLOOKUP(C10,'Formato descripción HU'!$B$6:$O$12,3,0) -> El programa deberá tener una interfaz gráfica donde los usuarios ingresen sus credenciales, sean validadas y accedan al sistema. | G15: PARA QUE | H15: =VLOOKUP(C10,'Formato descripción HU'!$B$6:$O$12,4,0) -> Para controlar el acceso al sistema según el rol del usuario. | L15: COMO | M15: =VLOOKUP(C10,'Formato descripción HU'!$B$6:$O$12,6,0) -> Implementando una ventana de inicio de sesión la cual solicitará credenciales (correo/usuario y contraseña) creadas por el administrador para poder acceder a las funciones del sistema. | T15: QUE | U15: =VLOOKUP(T10,'Formato descripción HU'!$B$6:$O$12,3,0) -> El sistema deberá tener una interfaz gráfica donde los usuarios puedan recuperar su contraseña de acceso. | X15: PARA QUE | Y15: =VLOOKUP(T10,'Formato descripción HU'!$B$6:$O$12,4,0) -> Para permitir la recuperación de credenciales de los usuarios en caso de haber olvidado la contraseña | AC15: COMO | AD15: =VLOOKUP(T10,'Formato descripción HU'!$B$6:$O$12,6,0) -> Creando una ventana de recuperación de contraseña la cual requerirá ingresar el correo electrónico asociado a la cuenta para enviar una validación de la recuperación y pedir la nueva contraseña.
C19: NOMBRE HISTORIA | E19: =VLOOKUP(C10,'Formato descripción HU'!$B$6:$O$12,14,0) -> Iniciar Sesión | T19: NOMBRE HISTORIA | V19: =VLOOKUP(T10,'Formato descripción HU'!$B$6:$O$12,14,0) -> Recuperación de Contraseña
C22: PRUEBA | E22: =VLOOKUP(C10,'Formato descripción HU'!$B$6:$O$12,12,0) -> El usuario ingresará al sistema mediante un usuario y contraseña previamente creados, el sistema valida redirección por rol. Si el usuario ingresa erróneamentesus credenciales debe volver a intentarlo , después de 3 intentos de inicio de sesión consecutivos fallidos, se bloqueará el acceso al sistema. | J22: COMENTARIOS | L22: =VLOOKUP(C10,'Formato descripción HU'!$B$6:$O$12,13,0) -> Debe registrar auditoría de inicio de sesiín (usuario, fecha, hora, rol). | T22: PRUEBA | V22: =VLOOKUP(T10,'Formato descripción HU'!$B$6:$O$12,12,0) -> El usuario selecciona la opción de recuperar contraseña, ingresa el correo electrónico asociado a la cuenta y verifica la notificación de recuperación. Una vez aprobado, ingresa la nueva contraseña dos veces y aplica el cambio e inicia sesión con la contraseña actualizada. Si las contraseñas no coinciden se mostrará un mensaje "Las contraseñas no coinciden". | AA22: COMENTARIOS | AC22: =VLOOKUP(T10,'Formato descripción HU'!$B$6:$O$12,13,0) -> 0
B28: HISTORIA DE USUARIO (HU) | S28: HISTORIA DE USUARIO (HU)
C31: ITEM | E31: USUARIO | H31: STATUS | T31: ITEM | V31: USUARIO | Y31: STATUS
C32: REQ002 | E32: =VLOOKUP(C32,'Formato descripción HU'!$B$6:$O$12,5,0) -> Auxiliar, Paciente | H32: =VLOOKUP(C32,'Formato descripción HU'!$B$6:$O$12,11,0) -> Terminado | T32: REQ003 | V32: =VLOOKUP(T32,'Formato descripción HU'!$B$6:$O$12,5,0) -> Auxiliar | Y32: =VLOOKUP(T32,'Formato descripción HU'!$B$6:$O$12,11,0) -> Terminado
C34: TIEMPO | E34: PRIORIDAD | H34: PROG. RESP | T34: TIEMPO | V34: PRIORIDAD | Y34: PROG. RESP
C35: =VLOOKUP('Historia de Usuario'!C32,'Formato descripción HU'!$B$6:$O$12,8,0) -> 1.5 | E35: =VLOOKUP(C32,'Formato descripción HU'!$B$6:$O$12,10,0) -> Media | H35: =VLOOKUP(C32,'Formato descripción HU'!$B$6:$O$12,7,0) -> Danny Ayuquina | T35: =VLOOKUP('Historia de Usuario'!T32,'Formato descripción HU'!$B$6:$O$12,8,0) -> 8 | V35: =VLOOKUP(T32,'Formato descripción HU'!$B$6:$O$12,10,0) -> Alta | Y35: =VLOOKUP(T32,'Formato descripción HU'!$B$6:$O$12,7,0) -> Saray Cañarte
C37: QUE | D37: =VLOOKUP(C32,'Formato descripción HU'!$B$6:$O$12,3,0) -> El sistema deberá detectar automáticamente eventos en citas (creación, cancelación, reprogramación) y notificar al paciente mediante el canal configurado. | G37: PARA QUE | H37: =VLOOKUP(C32,'Formato descripción HU'!$B$6:$O$12,4,0) -> Para informar al paciente de los cambios realizados en su cita. | L37: COMO | M37: =VLOOKUP(C32,'Formato descripción HU'!$B$6:$O$12,6,0) -> Detectando automáticamente la creación o cambio de estado en una cita, recuperando los datos de la cita (fecha, hora, servicio) y del paciente (teléfono, correo), seleccionando la plantilla adecuada y enviando la notificación a través del canal configurado (WhatsApp o correo electrónico). El sistema registra el resultado del envío en el log de auditoría. | T37: QUE | U37: =VLOOKUP(T32,'Formato descripción HU'!$B$6:$O$12,3,0) -> El sistema deberá permitir registrar, modificar, cancelar y consultar citas médicas mediante una interfaz gráfica, validando la disponibilidad de horarios, pacientes y consultorios. | X37: PARA QUE | Y37: =VLOOKUP(T32,'Formato descripción HU'!$B$6:$O$12,4,0) -> Para administrar eficientemente la agenda de atención médica y garantizar la correcta asignación de citas. | AC37: COMO | AD37: =VLOOKUP(T32,'Formato descripción HU'!$B$6:$O$12,6,0) -> Implementando un módulo de gestión de citas para crear, modificar, cancelar y consultar citas médicas. El sistema validará existencia y estado activo del paciente, la disponibilidad de horarios y consultorios, registrará cambios realizados y actualizará el estado de la cita.
C41: NOMBRE HISTORIA | E41: =VLOOKUP(C32,'Formato descripción HU'!$B$6:$O$12,14,0) -> Generar notificación | T41: NOMBRE HISTORIA | V41: =VLOOKUP(T32,'Formato descripción HU'!$B$6:$O$12,14,0) -> Gestión de Citas
C44: PRUEBA | E44: =VLOOKUP(C32,'Formato descripción HU'!$B$6:$O$12,12,0) -> El sistema detecta un evento de cita (creación, cancelación o reprogramación), genera el mensaje con los datos correspondientes y lo envía al canal definido del paciente. Se verifica que el destinatario recibe la notificación con: código de cita, fecha, hora, servicio y estado. Si el canal no está disponible, el sistema registra el evento como "pendiente de notificación". | J44: COMENTARIOS | L44: =VLOOKUP(C32,'Formato descripción HU'!$B$6:$O$12,13,0) -> Las notificaciones se generan automáticamente al crear, modificar o cancelar una cita. El sistema debe dejar trazabilidad del evento que originó el aviso (destinatario, canal, fecha/hora y estado de entrega). | T44: PRUEBA | V44: =VLOOKUP(T32,'Formato descripción HU'!$B$6:$O$12,12,0) -> La auxiliar creará una cita ingresando cédula del paciente, servicio, fecha, hora y duración, y verificará disponibilidad de horario/consultorio, generará código de cita y mostrará confirmación. También permitirá modificar, cancelar y consultar citas siempre que no existan conflictos. | AA44: COMENTARIOS | AC44: =VLOOKUP(T32,'Formato descripción HU'!$B$6:$O$12,13,0) -> Debe registrar auditoría de creación, modificación y cancelación de citas, incluyendo usuario responsable, fecha, hora, motivo de cancelación, datos anteriores y nuevos de la cita, y código de cita generado.
B50: HISTORIA DE USUARIO (HU) | S50: HISTORIA DE USUARIO (HU)
C53: ITEM | E53: USUARIO | H53: STATUS | T53: ITEM | V53: USUARIO | Y53: STATUS
C54: REQ004 | E54: =VLOOKUP(C54,'Formato descripción HU'!$B$6:$O$12,5,0) -> Auxiliar | H54: =VLOOKUP(C54,'Formato descripción HU'!$B$6:$O$12,11,0) -> Terminado | T54: REQ005 | V54: =VLOOKUP(T54,'Formato descripción HU'!$B$6:$O$12,5,0) -> Administrador | Y54: =VLOOKUP(T54,'Formato descripción HU'!$B$6:$O$12,11,0) -> Terminado
C56: TIEMPO | E56: PRIORIDAD | H56: PROG. RESP | T56: TIEMPO | V56: PRIORIDAD | Y56: PROG. RESP
C57: =VLOOKUP('Historia de Usuario'!C54,'Formato descripción HU'!$B$6:$O$12,8,0) -> 6 | E57: =VLOOKUP(C54,'Formato descripción HU'!$B$6:$O$12,10,0) -> Alta | H57: =VLOOKUP(C54,'Formato descripción HU'!$B$6:$O$12,7,0) -> Doménica Villagómez | T57: =VLOOKUP('Historia de Usuario'!T54,'Formato descripción HU'!$B$6:$O$12,8,0) -> 4 | V57: =VLOOKUP(T54,'Formato descripción HU'!$B$6:$O$12,10,0) -> Alta | Y57: =VLOOKUP(T54,'Formato descripción HU'!$B$6:$O$12,7,0) -> Danny Ayuquina
C59: QUE | D59: =VLOOKUP(C54,'Formato descripción HU'!$B$6:$O$12,3,0) -> El sistema deberá facilitar el manejo de la información de los pacientes a través de su registro, modificación, consulta e inactivación, validando campos obligatorios. | G59: PARA QUE | H59: =VLOOKUP(C54,'Formato descripción HU'!$B$6:$O$12,4,0) -> Para mantener la información necesaria de los pacientes y asociarla a las citas del sistema | L59: COMO | M59: =VLOOKUP(C54,'Formato descripción HU'!$B$6:$O$12,6,0) -> Establecer un módulo de gestión de pacientes, donde el auxiliar pueda ejecutar las acciones: registro de nuevos pacientes, o consulta, modificación e inactivación de pacientes existentes. El sistema debe validar campos obligatorios como: que la cédula exista, que el teléfono tenga solo dígitos, que la edad sea consistente con la fecha de nacimiento. Para la modificación el sistema verifica que exista el paciente y los campos permitidos a cambiar son: domicilio, teléfono, ocupación y estado civil. Para la inactivación, el paciente no debe tener citas programadas a futuro. | T59: QUE | U59: =VLOOKUP(T54,'Formato descripción HU'!$B$6:$O$12,3,0) -> El sistema deberá permitir al administrador crear, modificar, desactivar y consultar perfiles de usuario, asignando nombre y permisos de acceso a módulos del sistema, a través de una interfaz gráfica. | X59: PARA QUE | Y59: =VLOOKUP(T54,'Formato descripción HU'!$B$6:$O$12,4,0) -> Para controlar los accesos y permisos de los usuarios dentro del sistema según su rol. | AC59: COMO | AD59: =VLOOKUP(T54,'Formato descripción HU'!$B$6:$O$12,6,0) -> Implementando un módulo de gestión de perfiles donde el administrador pueda crear perfiles con nombre y permisos (gestionar citas, pacientes, horarios, planificación, perfiles), modificar permisos de perfiles existentes, desactivarlos y consultarlos. El sistema validará unicidad del nombre del perfil y restricciones sobre el perfil Administrador.
C63: NOMBRE HISTORIA | E63: =VLOOKUP(C54,'Formato descripción HU'!$B$6:$O$12,14,0) -> Gestión de Pacientes | T63: NOMBRE HISTORIA | V63: =VLOOKUP(T54,'Formato descripción HU'!$B$6:$O$12,14,0) -> Gestionar Perfiles
C66: PRUEBA | E66: =VLOOKUP(C54,'Formato descripción HU'!$B$6:$O$12,12,0) -> La auxiliar ingresa al módulo de gestión de pacientes y crea un paciente ingresando los datos requeridos de forma correcta, el sistema validará y si todo está bien, registra el paciente con estado activo. Conultará el paciente registrado usando el filtro por nombre o cédula. Modificará el paciente y el sistema solo permitirá cambiar los campos: domicilio, tel;efono, ocupación y estado civil. Inactivará el paciente, y el sistema validará que este no tenga agendada ninguna cita futura para permitir la acción. Caso contrario, se mostrará un mensaje informativo "Datos erróneos (especifica error)" | J66: COMENTARIOS | L66: =VLOOKUP(C54,'Formato descripción HU'!$B$6:$O$12,13,0) -> Debe considerar los datos que se manejan según la acción a realizar | T66: PRUEBA | V66: =VLOOKUP(T54,'Formato descripción HU'!$B$6:$O$12,12,0) -> El administrador crea un perfil con nombre y al menos un permiso; el sistema valida unicidad y registra con estado activo. Modifica permisos de un perfil existente. Desactiva un perfil verificando que no tenga usuarios asignados; si los tiene, muestra mensaje solicitando reasignación previa. Consulta perfiles por nombre o estado. El sistema impide desactivar el perfil Administrador si es el único activo. | AA66: COMENTARIOS | AC66: =VLOOKUP(T54,'Formato descripción HU'!$B$6:$O$12,13,0) -> El sistema debe registrar en auditoría el perfil modificado, los permisos cambiados y el usuario administrador responsable. No se puede retirar el permiso 'gestionar perfiles' del perfil Administrador.
B72: HISTORIA DE USUARIO (HU)
C75: ITEM | E75: USUARIO | H75: STATUS
C76: REQ006 | E76: =VLOOKUP(C76,'Formato descripción HU'!$B$6:$O$12,5,0) -> Administrador, Fisioterapeuta | H76: =VLOOKUP(C76,'Formato descripción HU'!$B$6:$O$12,11,0) -> Terminado
C78: TIEMPO | E78: PRIORIDAD | H78: PROG. RESP
C79: =VLOOKUP('Historia de Usuario'!C76,'Formato descripción HU'!$B$6:$O$12,8,0) -> 6 | E79: =VLOOKUP(C76,'Formato descripción HU'!$B$6:$O$12,10,0) -> Alta | H79: =VLOOKUP(C76,'Formato descripción HU'!$B$6:$O$12,7,0) -> Saray Cañarte
C81: QUE | D81: =VLOOKUP(C76,'Formato descripción HU'!$B$6:$O$12,3,0) -> El sistema deberá permitir administrar la planificación de horarios, fisioterapeutas y consultorios mediante una interfaz gráfica, validando disponibilidad, asignaciones y restricciones de uso. | G81: PARA QUE | H81: =VLOOKUP(C76,'Formato descripción HU'!$B$6:$O$12,4,0) -> Para organizar la disponibilidad de atención, optimizar la asignación de recursos y garantizar una correcta gestión de horarios y consultorios. | L81: COMO | M81: =VLOOKUP(C76,'Formato descripción HU'!$B$6:$O$12,6,0) -> Implementando un módulo de planificación donde el administrador podrá asignar fisioterapeutas a horarios, registrar consultorios, asignar consultorios a la planificación y gestionar su disponibilidad. El sistema validará la existencia de fisioterapeutas y consultorios y conflictos de horarios.
C85: NOMBRE HISTORIA | E85: =VLOOKUP(C76,'Formato descripción HU'!$B$6:$O$12,14,0) -> Gestionar Planificación
C88: PRUEBA | E88: =VLOOKUP(C76,'Formato descripción HU'!$B$6:$O$12,12,0) -> El administrador podrá asignar fisioterapeutas a horarios disponibles, registrar nuevos consultorios, asignarlos a la planificación y gestionar disponibilidad. El sistema verificará que los fisioterapeutas y consultorios existan, conflictos de horarios, asignaciones duplicadas y que se respeten las restricciones establecidas. También se verificará que los consultorios con planificaciones no puedan eliminarse o inactivarse. | J88: COMENTARIOS | L88: =VLOOKUP(C76,'Formato descripción HU'!$B$6:$O$12,13,0) -> Debe registrar auditoría de creación, asignación, modificación e inactivación de consultorios y planificaciones, incluyendo usuario responsable, fecha, hora, datos anteriores y nuevos.
