Workbook

Sheet Matriz Ckeck LIst
C3: MATRIZ PARA COMPROBACIÓN REQUERIMIENTOS DE CALIDAD DE PROYECTO ACADEMICO
D5: SISTEMA: | E5: SISTEMA DE GESTIÓN DE CITAS FISIOTERAPÉUTICAS (FI-CITAS)
F6: Requerimientos Funcionales
B7: Nº | C7: CRITERIOS DE CALIDAD (Documento/Requerimientos) | E7: Status Nivel de Acuerdo | F7: CU05 Gestionar Perfiles | I7: CU04 Gestionar Paciente | K7: CU03 Gestionar Cita
B9: 1 | C9: Agreed | E9: OK | F9: 1. Acuerdo mediante entrevista y documentado a través de minuta de la videoconferencia. | G9: OK | I9: 1. Aceptación por videoconferencia. | J9: OK | K9: 1. Acuerdo mediante entrevista documentada en la minuta
B10: 2 | C10: Ranked | E10: NOK | F10: 1. En la descripción del caso de Uso se especifica su prioridad, la cual es primaria, pero la ennumeración es inadecuada. | G10: NOK | I10: 1. Se especifica tipo primario, pero la priorización es inadecuada. | J10: NOK | K10: 1. En el tipo de Caso de Uso se especifica que es primario o de alta prioridad, pero no se ve reflejado en la numeración.
B11: 3 | C11: Unambiguos | E11: OK | F11: 1. Redacción clara para la interpretación. | G11: OK | I11: 1. Interpretación uniforme. 2. Redacción clara. | J11: OK | K11: 1. Redacción clara y uniforme. 2. Se coincide en la interpretación del requisito
B12: 4 | C12: Valid and up-to date | E12: NOK | F12: 1. La última versión del requisito no fue validada ni aprobada por el cliente. | G12: NOK | I12: 1. Observaciones y correciones desde la última versión no han sido implementadas. | J12: NOK | K12: 1. La última versión del requisito no fue verificada con el cliente. 2. Correcciones no implementadas
B13: 5 | C13: Correct | E13: OK | F13: 1. Refleja las necesidades del cliente en el manejo de diferentes roles de perfil. | G13: OK | I13: 1. Coincide con las necesidades del cliente. | J13: OK | K13: 1. Refleja exitosamente las necesidades del cliente con respecto a la gestión de citas del centro fisioterapéutico, que corresponde a la principal intención del sistema.
B14: 6 | C14: Consisten | E14: OK | F14: 1. La gestión de perfiles es un requisito sacado directamente de los diagramas de casos de uso y está conectada con otros casos de uso y conceptos predefinidos sin contradecirlos . | G14: OK | I14: 1. Flujo consistente en la redacción. No hay contradicciones. | J14: OK | K14: 1. No existen contradicciones en la redacción ni en los diagramas planteados
B15: 7 | C15: Verifiable | E15: NOK | F15: 1. El requisito no es medible 2. Falta Casos de Prueba | G15: NOK | I15: 1. Carece de Casos de Prueba que permitan verificarlo. 2. Faltan aspectos medibles específicos. | J15: NOK | K15: 1. No se establecen criterios de medición, tampoco Casos de Prueba
B16: 8 | C16: Realizable | E16: NOK | F16: 1. Funcionalidad no está tomada en cuenta dentro de la estimación del costo del proyecto 2. No se ha desarrollado | G16: NOK | I16: 1. No puede ser implementado actualmente por cuestiones de presupuesto, cliente y equipo. | J16: NOK | K16: 1. No es posible implementarlo bajo las condiciones actuales limitadas respecto al presupuesto y cliente.
B17: 9 | C17: Traceable | E17: OK | F17: 1. Es claro el origen del requisito y su relación con otros requisitos mediante la matriz de trazabilidad. 2. Cuenta con un identificador único | G17: OK | I17: 1. Existe Matriz de Trazabilidad que deja claro el origen y relaciones del requisito. | J17: OK | K17: 1. El origen del requisito es claro y se ve reflejado en la matriz de trazabilidad, así como las relaciones que mantiene con otros requisitos. 2. Tiene identificador único
B18: 10 | C18: Complete | E18: OK | F18: 1. Contiene toda la información necesaria (entradas, salidas, precondiciones, postcondiciones) para entender y diseñar la función. 2. Describe completamente la funcionalidad esperada. | G18: OK | I18: 1. Presenta descripción, actor, precondición, secuencia normal, postcondición, excepciones, versión y comentarios. | J18: OK | K18: 1. Se abarcan los elementos necesarios y completos para comprender el requisito de forma clara.
B19: 11 | C19: Understandability | E19: OK | F19: 1. Se involucra al cliente 2. Existe glosario de términos | G19: OK | I19: 1. Entendible para todos los implicados. 2. Glosario de términos claro. | J19: OK | K19: 1. Comprensible para personal involucrado en el proyecto (existe un glosario de términos).

Sheet MODELO LISTA DE COMPROBACION - 
B1: SISTEMA: | C1: Sistema De Gestión Citas Fisioterapéuticas Fi-Citas
B2: FECHA: | C2: 14-Abril-2026
B3: AUTOR: | C3: Doménica Villagómez
B4: REQUERIMIENTOS EVALUADOS : | C4: CU03 Gestionar Citas
A6: CONTENIDO
A7: No. | B7: Pregunta | C7: SI | D7: NO
A8: 1 | B8: Todos los requerimientos relevantes se han documentado? | C8: X
A9: 2 | B9: Se han implementado las funciones requeridas? | C9: X
A10: 3 | B10: Existe algún mecanismo que permita seguir el impacto de dicho requerimiento a lo largo del resto de las actividades del ciclo productivo.? | C10: X
A11: 4 | B11: El origen de cada requerimento individual está claro ? | C11: X
A12: 5 | B12: Que tan facil es devolverse a los requerimientos? | D12: X
A13: 6 | B13: Los requerimientos reflejan las necesidades y deseos del cliente? | C13: X
A14: 7 | B14: No hay contradicciones entre los requerimientos? | C14: X
A15: 8 | B15: El requerimiento que se esta especificando contribuye a alcanzar un objetivo definido ? | C15: X
A16: 9 | B16: Existe un proceso acotado (en plazo y presupuesto) que permita determinar que el sistema construido satisface lo descrito en el propio requerimiento? | D16: X
A17: SUMATORIA: | C17: =COUNTA('MODELO LISTA DE COMPROBACION - '!$C$8:$C$16) -> 7 | D17: =COUNTA('MODELO LISTA DE COMPROBACION - '!$D$8:$D$16) -> 2
A18: PORCENTAJE : | C18: =C17/9 -> 0.77777778 | D18: =D17/9 -> 0.22222222
A20: DOCUMENTACIÓN
A21: No. | B21: Pregunta | C21: SI | D21: NO
A22: 1 | B22: Aplica un estandar para la documetación de requerimiento? | C22: X
A23: 2 | B23: Cumple con la estructura definida por el estandar? | C23: X
A24: 3 | B24: Utiliza un Glosario de términos normalizado? | C24: X
A25: 4 | B25: Los requerimientos Funcionales estan sujetos a una única interpretación? | C25: X
A26: 5 | B26: El modelo aplicado cumple con la sintaxis? | D26: x | H26: *
A27: SUMATORIA: | C27: =COUNTA('MODELO LISTA DE COMPROBACION - '!$C$22:$C$26) -> 4 | D27: =COUNTA('MODELO LISTA DE COMPROBACION - '!$D$22:$D$26) -> 1
A28: PORCENTAJE : | C28: =C27/5 -> 0.8 | D28: =D27/5 -> 0.2
A30: NIVEL DE ACUERDO
A31: No. | B31: Pregunta | C31: SI | D31: NO
A32: 1 | B32: Todos los requerimientos han sido acordados con todos los interesados? | D32: X
A33: 2 | B33: Todos los requerimientos modificados han sido acordados por todos los implicados? | C33: X
A34: 3 | B34: Han sido resueltos todos los conflictos conocidos respectos de los requerimientos? | D34: X
A35: SUMATORIA: | C35: =COUNTA('MODELO LISTA DE COMPROBACION - '!$C$32:$C$34) -> 1 | D35: =COUNTA('MODELO LISTA DE COMPROBACION - '!$D$32:$D$34) -> 2
A36: PORCENTAJE : | C36: =C35/3 -> 0.33333333 | D36: =D35/3 -> 0.66666667
A40: RESUMEN
B41: CONTENIDO | C41: 78
B42: DOCUMENTACIÓN | C42: 80
B43: NIVEL DE ACUERDO | C43: 33

Sheet Sheet1
B1: SISTEMA: | C1: Sistema De Gestión De Citas (FI-CITAS)
B2: FECHA: | C2: 14-Abril-2026
B3: AUTOR: | C3: Saray Adriana Cañarte Galarza
B4: REQUERIMIENTOS EVALUADOS : | C4: CU04. Gestionar Paciente
A6: CONTENIDO
A7: No. | B7: Pregunta | C7: SI | D7: NO
A8: 1 | B8: Todos los requerimientos relevantes se han documentado? | C8: X
A9: 2 | B9: Se han implementado las funciones requeridas? | C9: X
A10: 3 | B10: Existe algún mecanismo que permita seguir el impacto de dicho requerimiento a lo largo del resto de las actividades del ciclo productivo.? | C10: X
A11: 4 | B11: El origen de cada requerimento individual está claro ? | C11: X
A12: 5 | B12: Que tan facil es devolverse a los requerimientos? | D12: X
A13: 6 | B13: Los requerimientos reflejan las necesidades y deseos del cliente? | C13: X
A14: 7 | B14: No hay contradicciones entre los requerimientos? | C14: X
A15: 8 | B15: El requerimiento que se esta especificando contribuye a alcanzar un objetivo definido ? | C15: X
A16: 9 | B16: Existe un proceso acotado (en plazo y presupuesto) que permita determinar que el sistema construido satisface lo descrito en el propio requerimiento? | D16: X
A17: SUMATORIA: | C17: =COUNTA(Sheet1!$C$8:$C$16) -> 7 | D17: =COUNTA(Sheet1!$D$8:$D$16) -> 2
A18: PORCENTAJE : | C18: =C17/9 -> 0.77777778 | D18: =D17/9 -> 0.22222222
A20: DOCUMENTACIÓN
A21: No. | B21: Pregunta | C21: SI | D21: NO
A22: 1 | B22: Aplica un estandar para la documetación de requerimiento? | C22: X
A23: 2 | B23: Cumple con la estructura definida por el estandar? | C23: X
A24: 3 | B24: Utiliza un Glosario de términos normalizado? | C24: X
A25: 4 | B25: Los requerimientos Funcionales estan sujetos a una única interpretación? | C25: X
A26: 5 | B26: El modelo aplicado cumple con la sintaxis? | C26: X
A27: SUMATORIA: | C27: =COUNTA(Sheet1!$C$22:$C$26) -> 5 | D27: =COUNTA(Sheet1!$D$22:$D$26) -> 0
A28: PORCENTAJE : | C28: =C27/5 -> 1 | D28: =D27/5 -> 0
A30: NIVEL DE ACUERDO
A31: No. | B31: Pregunta | C31: SI | D31: NO
A32: 1 | B32: Todos los requerimientos han sido acordados con todos los interesados? | D32: X
A33: 2 | B33: Todos los requerimientos modificados han sido acordados por todos los implicados? | C33: X
A34: 3 | B34: Han sido resueltos todos los conflictos conocidos respectos de los requerimientos? | D34: X
A35: SUMATORIA: | C35: =COUNTA(Sheet1!$C$32:$C$34) -> 1 | D35: =COUNTA(Sheet1!$D$32:$D$34) -> 2
A36: PORCENTAJE : | C36: =C35/3 -> 0.33333333 | D36: =D35/3 -> 0.66666667
A40: RESUMEN
B41: CONTENIDO | C41: 78
B42: DOCUMENTACIÓN | C42: 100
B43: NIVEL DE ACUERDO | C43: 33

Sheet Sheet2
B1: SISTEMA: | C1: Sistema De Gestión Citas Fisioterapéuticas Fi-Citas
B2: FECHA: | C2: 46126
B3: AUTOR: | C3: Danny Mateo Ayuquina Navas
B4: REQUERIMIENTOS EVALUADOS : | C4: CU05 Gestión de Perfiles
A6: CONTENIDO
A7: No. | B7: Pregunta | C7: SI | D7: NO
A8: 1 | B8: Todos los requerimientos relevantes se han documentado? | C8: X
A9: 2 | B9: Se han implementado las funciones requeridas? | D9: X
A10: 3 | B10: Existe algún mecanismo que permita seguir el impacto de dicho requerimiento a lo largo del resto de las actividades del ciclo productivo.? | D10: X
A11: 4 | B11: El origen de cada requerimento individual está claro? | C11: X
A12: 5 | B12: Que tan facil es devolverse a los requerimientos? | C12: X
A13: 6 | B13: Los requerimientos reflejan las necesidades y deseos del cliente? | C13: X
A14: 7 | B14: No hay contradicciones entre los requerimientos? | C14: X
A15: 8 | B15: El requerimiento que se esta especificando contribuye a alcanzar un objetivo definido? | C15: X
A16: 9 | B16: Existe un proceso acotado (en plazo y presupuesto) que permita determinar que el sistema construido satisface lo descrito en el propio requerimiento? | D16: X
A17: SUMATORIA: | C17: =COUNTA(Sheet2!$C$8:$C$16) -> 6 | D17: =COUNTA(Sheet2!$D$8:$D$16) -> 3
A18: PORCENTAJE : | C18: =C17/9 -> 0.66666667 | D18: =D17/9 -> 0.33333333
A20: DOCUMENTACIÓN
A21: No. | B21: Pregunta | C21: SI | D21: NO
A22: 1 | B22: Aplica un estandar para la documetación de requerimiento? | C22: X
A23: 2 | B23: Cumple con la estructura definida por el estandar? | C23: X
A24: 3 | B24: Utiliza un Glosario de términos normalizado? | C24: X
A25: 4 | B25: Los requerimientos Funcionales estan sujetos a una única interpretación? | C25: X
A26: 5 | B26: El modelo aplicado cumple con la sintaxis? | D26: X
A27: SUMATORIA: | C27: =COUNTA(Sheet2!$C$22:$C$26) -> 4 | D27: =COUNTA(Sheet2!$D$22:$D$26) -> 1
A28: PORCENTAJE : | C28: =C27/5 -> 0.8 | D28: =D27/5 -> 0.2
A30: NIVEL DE ACUERDO
A31: No. | B31: Pregunta | C31: SI | D31: NO
A32: 1 | B32: Todos los requerimientos han sido acordados con todos los interesados? | D32: X
A33: 2 | B33: Todos los requerimientos modificados han sido acordados por todos los implicados? | C33: X
A34: 3 | B34: Han sido resueltos todos los conflictos conocidos respectos de los requerimientos? | D34: X
A35: SUMATORIA: | C35: =COUNTA(Sheet2!$C$32:$C$34) -> 1 | D35: =COUNTA(Sheet2!$D$32:$D$34) -> 2
A36: PORCENTAJE : | C36: =C35/3 -> 0.33333333 | D36: =D35/3 -> 0.66666667
A40: RESUMEN
B41: CONTENIDO | C41: 67
B42: DOCUMENTACIÓN | C42: 80
B43: NIVEL DE ACUERDO | C43: 33

Sheet RECOMENDACIONES - CU03
A1: PREGUNTA | B1: RECOMENDACIÓN
A2: ¿Se han validado y aprobado formalmente todos los entregables de la entrevista (videoconferencia, minuta, acta de aceptación)? | B2: Validar con el cliente la versión final documentada y respaldarla con un Acta de Reunión firmada. Previo a este proceso realizar las correcciones de la última versión y priorizar adecuadamente.
A3: ¿Se han definido criterios de aceptación y casos de prueba que permitan medir objetivamente el cumplimiento del requisito? | B3: Definir criterios de aceptación basado en escenarios (BDD/Gherkin) y basado en reglas. Diseñar y elaborar casos de prueba para asociarlos a pruebas unitarias automatizadas.

Sheet RECOMENDACIONES - CU04
A1: PREGUNTA | B1: RECOMENDACIÓN
A2: ¿Se han validado y aprobado formalmente todos los entregables de la entrevista (videoconferencia, minuta, acta de aceptación)? | B2: En primera instancia, se deben realizar las respectivas correcciones dadas y mejorar la priorización de requisitos. Validar con el cliente la versión final documentada y respaldarla con el SRS firmado por los implicados.
A3: ¿Se han definido criterios de aceptación y casos de prueba que permitan medir objetivamente el cumplimiento del requisito? | B3: Se deben definir criterios de aceptación basado en escenarios (BDD/Gherkin) y basado en reglas. Diseñar y elaborar casos de prueba.

Sheet RECOMENDACIONES - CU05
A1: PREGUNTA | B1: RECOMENDACIÓN
A2: ¿Se han validado y aprobado formalmente todos los entregables de la entrevista (videoconferencia, minuta, acta de aceptación)? | B2: Tomar en cuenta que la última versión de la Gestión de Perfiles necesito de correcciones, por lo cual estaría validada por la cliente.
A3: ¿Se han definido criterios de aceptación y casos de prueba que permitan medir objetivamente el cumplimiento del requisito? | B3: Definir criterios de aceptación basado en escenarios (BDD/Gherkin) y basado en reglas. Diseñar y elaborar casos de prueba para asociarlos a pruebas unitarias automatizadas.
